type,corr
DataRank,0.333577966
DataRank-FB,0.333555985
NetworkFlow,0.332749079
PageRank,0.332408042
Modified PageRank,0.332749079
